Player,Position,Nationality
Rolando Aarons,Midfielder,England
Abdul Rahman Baba,Defender,Ghana
Tammy Abraham,Forward,England
Adrián,Goalkeeper,Spain
Adrien Silva,Midfielder,Portugal
Benik Afobe,Forward,The Democratic Republic Of Congo
Sergio Agüero,Forward,Argentina
Daniel Agyei,Forward,England
Soufyan Ahannach,Midfielder,Netherlands
Nathan Aké,Defender,Netherlands
Chuba Akpom,Forward,England
Alberto Moreno,Defender,Spain
Marc Albrighton,Midfielder,England
Toby Alderweireld,Defender,Belgium
Aleix García,Midfielder,Spain
Trent Alexander-Arnold,Defender,England
Alexis Mac Allister,Midfielder,Argentina
Ali Koiki,Defender,England
Alisson,Goalkeeper,Brazil
Allan Souza,Midfielder,Brazil
Miguel Almirón,Midfielder,Paraguay
Marcos Alonso,Defender,Spain
Paulo Alves,Midfielder,Portugal
Daniel Amartey,Midfielder,Ghana
Luke Amos,Midfielder,England
Ethan Ampadu,Defender,Wales
Nordin Amrabat,Forward,Morocco
Tom Anderson,Defender,England
Florin Andone,Forward,Romania
André Gomes,Midfielder,Portugal
Andreas Pereira,Midfielder,Brazil
Michail Antonio,Midfielder,England
Antonio Valencia,Defender,Ecuador
Billy Arce,Midfielder,Ecuador
Adam Armstrong,Forward,England
Marko Arnautovic,Forward,Austria
Kepa Arrizabalaga,Goalkeeper,Spain
Harry Arter,Midfielder,Ireland
Daniel Arzani,Midfielder,Australia
Luca Ashby-Hammond,Goalkeeper,England
Christian Atsu,Midfielder,Ghana
Pierre-Emerick Aubameyang,Forward,Gabon
Serge Aurier,Defender,Cote D'Ivoire
Charlie Austin,Forward,England
Taiwo Awoniyi,Forward,Nigeria
Floyd Ayité,Forward,Togo
Ayoze Pérez,Forward,Spain
César Azpilicueta,Defender,Spain
Ryan Babel,Forward,Netherlands
Daniel Bachmann,Goalkeeper,Austria
Eric Bailly,Defender,Cote D'Ivoire
Leighton Baines,Defender,England
Tiemoué Bakayoko,Midfielder,France
Lewis Baker,Midfielder,England
Fabián Balbuena,Defender,Paraguay
Sam Baldock,Forward,England
Leon Balogun,Defender,Nigeria
Tudor Baluta,Defender,Romania
Beni Baningime,Midfielder,The Democratic Republic Of Congo
Ben Barclay,Defender,England
Phil Bardsley,Defender,Scotland
Ross Barkley,Midfielder,England
Daniel Barlaser,Midfielder,England
Ashley Barnes,Forward,Austria
Antonio Barreca,Defender,Italy
Connor Barrett,Defender,England
Michy Batshuayi,Forward,Belgium
Danny Batth,Defender,England
Jan Bednarek,Defender,Poland
Asmir Begovic,Goalkeeper,Bosnia And Herzegovina
Héctor Bellerín,Defender,Spain
Yohan Benalouane,Defender,Tunisia
Filip Benkovic,Defender,Croatia
Joe Bennett,Defender,England
Benny Ashley-Seal,Forward,England
Josh Benson,Midfielder,England
Christian Benteke,Forward,Belgium
Adrián Bernabé,Midfielder,Spain
Bernard,Forward,Brazil
Bernardo,Defender,Brazil
Bernardo Silva,Midfielder,Portugal
Ryan Bertrand,Defender,England
Muhamed Besic,Midfielder,Bosnia And Herzegovina
Marcus Bettinelli,Goalkeeper,England
Philip Billing,Midfielder,Denmark
Yves Bissouma,Midfielder,Mali
Daley Blind,Defender,Netherlands
Jeremie Boga,Midfielder,Cote D'Ivoire
Adam Bogdan,Goalkeeper,Hungary
Omar Bogle,Forward,England
Joshua Bohui,Forward,England
Yannick Bolasie,Forward,The Democratic Republic Of Congo
Luke Bolton,Midfielder,England
Willy Boly,Defender,Cote D'Ivoire
GaÃ«tan Bong,Defender,Cameroon
Artur Boruc,Goalkeeper,Poland
Sofiane Boufal,Midfielder,Morocco
Jamie Bowden,Midfielder,England
Robbie Brady,Midfielder,Ireland
Claudio Bravo,Goalkeeper,Chile
Rhian Brewster,Forward,England
Brian Murphy,Goalkeeper,Ireland
Miguel Britos,Defender,Uruguay
Nathan Broadhead,Midfielder,Wales
David Brooks,Midfielder,Wales
Ciaron Brown,Defender,Northern Ireland
Marcus Browne,Midfielder,England
Tyias Browning,Defender,England
Bruno,Defender,Spain
Joe Bryan,Defender,England
Craig Bryson,Midfielder,Scotland
Marcin Bulka,Goalkeeper,Poland
Harry Burgoyne,Goalkeeper,England
Reece Burke,Defender,England
Dan Burn,Defender,England
Matt Butcher,Defender,England
David Button,Goalkeeper,England
Oskar Buur,Defender,Denmark
Sam Byram,Defender,England
Willy Caballero,Goalkeeper,Argentina
Yohan Cabaye,Midfielder,France
Gary Cahill,Defender,England
Tom Cairney,Midfielder,Scotland
Callum Wilson,Forward,England
Dominic Calvert-Lewin,Forward,England
Víctor Camarasa,Midfielder,Spain
Lee Camp,Goalkeeper,Northern Ireland
Joel Campbell,Forward,Costa Rica
Emre Can,Midfielder,Germany
Etienne Capoue,Midfielder,France
Baily Cargill,Defender,England
Carlos Sánchez,Midfielder,Colombia
Michael Carrick,Midfielder,England
Guido Carrillo,Forward,Argentina
Andy Carroll,Forward,England
Cameron Carter-Vickers,Defender,United States
Lewis Cass,Defender,England
Craig Cathcart,Defender,Northern Ireland
Ivan Cavaleiro,Forward,Portugal
Petr Cech,Goalkeeper,Czech Republic
Cédric Soares,Defender,Portugal
Trevoh Chalobah,Midfielder,England
Calum Chambers,Defender,England
Chicharito,Forward,Mexico
Ben Chilwell,Defender,England
Pedro Chirivella,Midfielder,Spain
Tahith Chong,Forward,Netherlands
Hamza Choudhury,Midfielder,England
Andreas Christensen,Defender,Denmark
Cyrus Christie,Defender,Ireland
Isaac Christie-Davies,Midfielder,England
Ibrahima Cissé,Midfielder,Guinea
Ciaran Clark,Defender,Ireland
Jordy Clasie,Midfielder,Netherlands
Tom Cleverley,Midfielder,England
Nathaniel Clyne,Defender,England
Conor Coady,Midfielder,England
Jack Colback,Midfielder,England
Séamus Coleman,Defender,Ireland
Will Collar,Midfielder,England
Bradley Collins,Goalkeeper,England
Aaron Connolly,Forward,Ireland
Jack Cork,Midfielder,England
Thibaut Courtois,Goalkeeper,Belgium
Conor Coventry,Midfielder,Ireland
Cameron Coxe,Defender,Wales
Aaron Cresswell,Defender,England
Peter Crouch,Forward,England
Cuco Martina,Defender,Curacao
Cristián Cuevas,Defender,Chile
Josh Cullen,Midfielder,Ireland
Jamie Cumming,Goalkeeper,England
Greg Cunningham,Defender,Ireland
Pontus Dahlberg,Goalkeeper,Sweden
James Daly,Forward,England
Loïc Damour,Midfielder,France
Charlie Daniels,Defender,England
Danilo,Defender,Brazil
Scott Dann,Defender,England
Danny Ings,Forward,England
Karl Darlow,Goalkeeper,England
Matteo Darmian,Defender,Italy
David Luiz,Defender,Brazil
David Silva,Midfielder,Spain
Tom Davies,Midfielder,England
Steven Davis,Midfielder,Northern Ireland
Kevin De Bruyne,Midfielder,Belgium
Bobby De Cordova-Reid,Forward,England
David de Gea,Goalkeeper,Spain
Luca De La Torre,Midfielder,United States
Troy Deeney,Forward,England
Jermain Defoe,Forward,England
Steven Defour,Midfielder,Belgium
Damien Delaney,Defender,Ireland
Dele Alli,Midfielder,England
Fabian Delph,Midfielder,England
Mousa Dembélé,Midfielder,Belgium
Jason Denayer,Defender,Belgium
Leander Dendoncker,Midfielder,Belgium
Alex Denny,Midfielder,England
Laurent Depoitre,Forward,Belgium
Sylvain Deslandes,Defender,France
Gerard Deulofeu,Forward,Spain
Fousseni Diabaté,Midfielder,Mali
Adama Diakhaby,Forward,France
Mohamed Diamé,Midfielder,Senegal
Grady Diangana,Midfielder,England
Brahim Díaz,Forward,Spain
Diego Cavalieri,Goalkeeper,Brazil
Eric Dier,Midfielder,England
Lucas Digne,Defender,France
Diogo Dalot,Defender,Portugal
Diogo Jota,Forward,Portugal
Issa Diop,Defender,France
Brice Dja Djédjé,Defender,Cote D'Ivoire
Mihai-Alexandru Dobre,Midfielder,Romania
Matt Doherty,Defender,Ireland
Domingos Quina,Midfielder,Portugal
Abdoulaye Doucouré,Midfielder,France
Barry Douglas,Defender,Scotland
Douglas Luiz,Midfielder,Brazil
Kieran Dowell,Midfielder,England
Vlad Dragomir,Midfielder,Romania
Aleksandar Dragovic,Defender,Austria
Luke Dreher,Midfielder,England
Daniel Drinkwater,Midfielder,England
Martin Dubravka,Goalkeeper,Slovakia
Shane Duffy,Defender,Ireland
Demeaco Duhaney,Defender,England
Stephen Duke-McKenna,Midfielder,Guyana
Paul Dummett,Defender,Wales
Lewis Dunk,Defender,England
Erik Durm,Defender,Germany
Ethan Ebanks-Landell,Defender,England
Bruno Ecuele Manga,Defender,Gabon
Eddie Nketiah,Forward,England
Ederson,Goalkeeper,Brazil
Rarmani Edmonds-Green,Defender,England
Eduardo,Goalkeeper,Portugal
Callum Elder,Defender,Australia
Robert Elliot,Goalkeeper,Ireland
Harvey Elliott,Midfielder,England
Emerson,Defender,Italy
Niall Ennis,Forward,England
Bright Enobakhare,Forward,England
Eric García,Defender,Spain
Christian Eriksen,Midfielder,Denmark
Neil Etheridge,Goalkeeper,Philippines
Patrice Evra,Defender,France
Jason Eyenga Lokilo,Midfielder,The Democratic Republic Of Congo
Timothy Eyoma,Defender,England
Lukasz Fabianski,Goalkeeper,Poland
Fabinho,Midfielder,Brazil
Cesc Fàbregas,Midfielder,Spain
Fabri,Goalkeeper,Spain
Adam Federici,Goalkeeper,Australia
Federico Fernández,Defender,Argentina
Liam Feeney,Midfielder,England
Felipe Anderson,Midfielder,Brazil
Marouane Fellaini,Midfielder,Belgium
Edimilson Fernandes,Midfielder,Switzerland
Fernandinho,Midfielder,Brazil
Jon Flanagan,Defender,England
Jake Flannigan,Midfielder,England
Phil Foden,Forward,England
Michael Folivi,Forward,England
Fraser Forster,Goalkeeper,England
Marlon Fossey,Defender,United States
Ben Foster,Goalkeeper,England
Timothy Fosu-Mensah,Defender,Netherlands
Dimitri Foulquier,Defender,Guadeloupe
Juan Foyth,Defender,Argentina
Simon Francis,Defender,England
Tyrese Francois,Midfielder,Australia
Ryan Fraser,Midfielder,Scotland
Fred,Midfielder,Brazil
Freddy Woodman,Goalkeeper,England
Ryan Fredericks,Defender,England
Christian Fuchs,Defender,Austria
Ramiro Funes Mori,Defender,Argentina
Manolo Gabbiadini,Forward,Italy
Gabriel Jesus,Forward,Brazil
Sam Gallagher,Forward,England
Brendan Galloway,Defender,England
Luke Garbutt,Defender,England
Florin Gardos,Defender,Romania
James Garner,Midfielder,England
Benjamin Garre,Midfielder,England
Dwight Gayle,Forward,England
Paulo Gazzaniga,Goalkeeper,Argentina
Anthony Georgiou,Midfielder,Cyprus
Rachid Ghezzal,Midfielder,Algeria
Morgan Gibbs-White,Midfielder,England
Ben Gibson,Defender,England
Ryan John Giles,Midfielder,England
Charlie Gilmour,Midfielder,Scotland
Gio McGregor,Midfielder,England
Olivier Giroud,Forward,France
Paul Gladon,Forward,Netherlands
Anthony Glennon,Defender,England
Connor Goldson,Defender,England
Claudio Gomes,Midfielder,France
Joseph Gomez,Defender,England
Anthony Gordon,Forward,England
Dan Gosling,Midfielder,England
Frédéric Gounongbe,Forward,Benin
Kamil Grabara,Goalkeeper,Poland
Lewis Grabban,Forward,England
Jordan Graham,Midfielder,England
Karlan Grant,Forward,England
Demarai Gray,Midfielder,England
Robert Green,Goalkeeper,England
Mason Greenwood,Forward,England
Daniel Grimshaw,Goalkeeper,England
Pascal Groß,Midfielder,Germany
Marko Grujic,Midfielder,Serbia
Vicente Guaita,Goalkeeper,Spain
Matteo Guendouzi,Midfielder,France
Idrissa Gueye,Midfielder,Senegal
Ilkay Gündogan,Midfielder,Germany
Angus Gunn,Goalkeeper,England
Aron Gunnarsson,Midfielder,Iceland
Gylfi Sigurdsson,Midfielder,Iceland
Viktor Gyökeres,Forward,Sweden
Florent Hadergjonaj,Defender,Kosovo
Massadio Haidara,Defender,Mali
Sead Haksabanovic,Midfielder,Montenegro
Greg Halford,Defender,England
Ben Hamer,Goalkeeper,England
Ethan Hamilton,Midfielder,Scotland
Nathan Harker,Goalkeeper,England
Kadeem Harris,Midfielder,England
Jack Harrison,Midfielder,England
Joe Hart,Goalkeeper,England
Kortney Hause,Midfielder,England
Isaac Hayden,Midfielder,England
Eden Hazard,Forward,Belgium
Rhys Healey,Forward,England
Tom Heaton,Goalkeeper,England
Michael Hector,Defender,Jamaica
Michael Hefele,Defender,Germany
Hélder Costa,Forward,Portugal
Tomer Hemed,Forward,Israel
Jeff Hendrick,Midfielder,Ireland
Wayne Hennessey,Goalkeeper,Wales
Dion Henry,Goalkeeper,England
Ander Herrera,Midfielder,Spain
Jake Hesketh,Midfielder,England
Heurelho Gomes,Goalkeeper,Brazil
Mateusz Hewelt,Goalkeeper,Poland
Gonzalo Higuaín,Forward,Argentina
Jordy Hiwula-Mayifuila,Forward,England
Tommie Hoban,Defender,Ireland
Shaun Hobson,Defender,England
Wesley Hoedt,Defender,Netherlands
Ki-Jana Hoever,Defender,Netherlands
Jonathan Hogg,Midfielder,England
David Junior Hoilett,Midfielder,Canada
Rob Holding,Defender,England
José Holebas,Defender,Greece
Mason Holgate,Defender,England
Nathan Holland,Midfielder,England
Tareiq Holmes-Dennis,Defender,England
Fraser Hornby,Midfielder,Scotland
Callum Hudson-Odoi,Forward,England
Sam Hughes,Defender,England
Jordan Hugill,Forward,England
Cameron Humphreys-Grant,Defender,England
Lloyd Humphries,Midfielder,Wales
Uwe Hünemeier,Defender,Germany
Des Hutchinson,Midfielder,Ireland
Robert Huth,Defender,Germany
Emerson Hyndman,Midfielder,United States
Pierre-Emile Høbjerg,Midfielder,Denmark
Jordon Ibe,Midfielder,England
Vicente Iborra,Midfielder,Spain
Kelechi Iheanacho,Forward,Nigeria
Carl Ikeme,Goalkeeper,Nigeria
Iker Pozo,Midfielder,Spain
Dejan Iliev,Goalkeeper,
Rohan Ince,Midfielder,England
Ryan Inniss,Defender,England
Isaac Success,Forward,Nigeria
Isaiah Brown,Midfielder,England
Alex Iwobi,Forward,Nigeria
José Izquierdo,Forward,Colombia
Jaroslaw Jach,Defender,Poland
Brad Jackson,Midfielder,England
Phil Jagielka,Defender,England
Alireza Jahanbakhsh,Forward,Iran
Eldin Jakupovic,Goalkeeper,Switzerland
Matty James,Midfielder,England
Daryl Janmaat,Defender,Netherlands
Vincent Janssen,Forward,Netherlands
Jazz Richards,Defender,Wales
Carl Jenkinson,Defender,England
Moritz Jenz,Defender,Germany
Jesús Gámez,Defender,Spain
Raúl Jiménez,Forward,Mexico
João Mário,Midfielder,Portugal
João Moutinho,Midfielder,Portugal
João Virgínia,Goalkeeper,Portugal
Joe Powell,Midfielder,England
Joe Willock,Midfielder,England
Joel Pereira,Goalkeeper,Portugal
Johann Gudmundsson,Midfielder,Iceland
Stefan Johansen,Midfielder,Norway
Declan John,Defender,Wales
Tyreece John-Jules,Forward,England
Darnell Johnson,Defender,England
George Johnston,Defender,Scotland
Sam Johnstone,Goalkeeper,England
Jonathan Dinzeyi,Defender,England
Curtis Jones,Midfielder,England
Jonny,Defender,Spain
Jonny Evans,Defender,Northern Ireland
Jordan Ayew,Forward,Ghana
Jordan Henderson,Midfielder,England
Jordan Williams,Defender,England
Jorginho,Midfielder,Italy
Joselu,Forward,Spain
Josh Dasilva,Midfielder,England
Josh Sims,Midfielder,England
Juninho Bacuna,Midfielder,Curacao
Christian Kabasele,Defender,Belgium
Younes Kaboul,Defender,France
Elias Kachunga,Forward,The Democratic Republic Of Congo
Sullay Kaikai,Midfielder,England
Mattias Kait,Midfielder,Estonia
Tomas Kalas,Defender,Czech Republic
Aboubakar Kamara,Forward,France
Harry Kane,Forward,England
N'Golo Kanté,Midfielder,France
Bartosz Kapustka,Midfielder,Poland
Loris Karius,Goalkeeper,Germany
Orestis Karnezis,Goalkeeper,Greece
Beram Kayal,Midfielder,Israel
Olarenwaju Kayode,Forward,Nigeria
Michael Keane,Defender,England
Neeskens Kebano,Defender,The Democratic Republic Of Congo
Caoimhin Kelleher,Goalkeeper,Ireland
Martin Kelly,Defender,England
Kenedy,Midfielder,Brazil
Matthew Kennedy,Midfielder,Scotland
Jonjoe Kenny,Defender,England
Ryan Kent,Midfielder,England
Ki Sung-yueng,Midfielder,South Korea
Kiko Femenía,Defender,Spain
Max Kilman,Defender,England
Joshua King,Forward,Norway
Nya Kirby,Midfielder,England
Davy Klaassen,Midfielder,Netherlands
Ragnar Klavan,Defender,Estonia
Josh Knight,Defender,England
Anthony Knockaert,Midfielder,France
Sead Kolasinac,Defender,Bosnia And Herzegovina
Vincent Kompany,Defender,Belgium
Terence Kongolo,Defender,Netherlands
Laurent Koscielny,Defender,France
Cheikhou Kouyaté,Midfielder,Senegal
Mateo Kovacic,Midfielder,Croatia
Matej Kovar,Goalkeeper,Czech Republic
Tim Krul,Goalkeeper,Netherlands
Alexandre Lacazette,Forward,France
Adam Lallana,Midfielder,England
Erik Lamela,Midfielder,Argentina
Manuel Lanzini,Midfielder,Argentina
Aymeric Laporte,Defender,France
Jamaal Lascelles,Defender,England
Shayne Lavery,Forward,Northern Ireland
Achraf Lazaar,Midfielder,Morocco
Maxime Le Marchand,Defender,France
Leandro Bacuna,Midfielder,Curacao
Chung-Yong Lee,Midfielder,South Korea
Adam Legzdins,Goalkeeper,England
Florian Lejeune,Defender,France
Mario Lemina,Midfielder,Gabon
Aaron Lennon,Midfielder,England
Bernd Leno,Goalkeeper,Germany
Léo Bonatini,Forward,Brazil
Jefferson Lerma,Midfielder,Colombia
Thakgalo Leshabela,Midfielder,South Africa
Harry Lewis,Goalkeeper,England
Lewis Cook,Midfielder,England
Stephan Lichtsteiner,Defender,Switzerland
Anders Lindegaard,Goalkeeper,Denmark
Victor Lindelöf,Defender,Sweden
Jesse Lingard,Midfielder,England
Fernando Llorente,Forward,Spain
Hugo Lloris,Goalkeeper,France
Jürgen Locadia,Forward,Netherlands
Ruben Loftus-Cheek,Midfielder,England
Kevin Long,Defender,Ireland
Ademola Lookman,Forward,England
Jonas Lössl,Goalkeeper,Denmark
Dejan Lovren,Defender,Croatia
Chris Löwe,Defender,Germany
Matthew Lowton,Defender,England
Lucas Moura,Midfielder,Brazil
Lucas Perri,Goalkeeper,Brazil
Lucas Piazon,Midfielder,Brazil
Romelu Lukaku,Forward,Belgium
Dodi Lukebakio,Forward,Belgium
Levi Lumeka,Forward,England
Matt Macey,Goalkeeper,England
James Maddison,Midfielder,England
Gary Madine,Forward,England
Niki MÃ¤enpÃ¤Ã¤,Goalkeeper,Finland
Pablo Maffeo,Defender,Spain
Paris Maghoma,Midfielder,England
Harry Maguire,Defender,England
Connor Mahoney,Midfielder,England
Riyad Mahrez,Forward,Algeria
Ainsley Maitland-Niles,Midfielder,England
Moses Makasi,Midfielder,England
Scott Malone,Defender,England
Sadio Mané,Forward,Senegal
Eliaquim Mangala,Defender,France
Javier Manquillo,Defender,Spain
Marc Guehi,Defender,England
Marcelo Djaló,Defender,Guinea-Bissau
Adrian Mariappa,Defender,Jamaica
Lazar Markovic,Forward,Serbia
Dean Marney,Midfielder,England
George Marsh,Midfielder,England
Ben Marshall,Midfielder,England
Anthony Martial,Forward,France
Emiliano Martínez,Goalkeeper,Argentina
Adam Masina,Defender,Italy
Brandon Mason,Defender,England
Ntumba Massanka,Midfielder,England
Conor Masterson,Defender,Ireland
Arthur Masuaku,Defender,The Democratic Republic Of Congo
Juan Mata,Midfielder,Spain
Ales Mateju,Defender,Czech Republic
Nemanja Matic,Midfielder,Serbia
Joel Matip,Defender,Cameroon
Rabbi Matondo,Forward,Wales
Matty Daly,Midfielder,England
Konstantinos Mavropanos,Defender,Greece
Alfie Mawson,Defender,England
Chancel Mbemba,Defender,The Democratic Republic Of Congo
Isaac Mbenza,Forward,Belgium
James McArthur,Midfielder,Scotland
James McCarthy,Midfielder,Ireland
Kevin McDonald,Midfielder,Scotland
George McEachran,Midfielder,England
Allan McGregor,Goalkeeper,Scotland
Dwight McNeil,Forward,England
Sam McQueen,Midfielder,England
Scott McTominay,Midfielder,Scotland
Zech Medley,Defender,England
Ben Mee,Defender,England
Ibrahim Meite,Forward,England
Nathaniel Mendez-Laing,Midfielder,England
Nampalys Mendy,Midfielder,France
Chris Mepham,Defender,Wales
Mikel Merino,Midfielder,Spain
Per Mertesacker,Defender,Germany
Max Meyer,Midfielder,Germany
Matt Miazga,Defender,United States
Simon Mignolet,Goalkeeper,Belgium
Luka Milivojevic,Midfielder,Serbia
James Milner,Midfielder,England
Yerry Mina,Defender,Colombia
Tyrone Mings,Defender,England
Kevin Mirallas,Forward,Belgium
Demetri Mitchell,Defender,England
Aleksandar Mitrovic,Forward,Serbia
Henrikh Mkhitaryan,Midfielder,Armenia
Jan Mlakar,Forward,Slovenia
Mohamed Elneny,Midfielder,Egypt
Mohamed Elyounoussi,Midfielder,Norway
Mohamed Salah,Forward,Egypt
Jayson Molumby,Midfielder,Ireland
Martín Montoya,Defender,Spain
Aaron Mooy,Midfielder,Australia
Álvaro Morata,Forward,Spain
Marlos Moreno,Forward,Colombia
Wes Morgan,Defender,Jamaica
Sean Morrison,Defender,England
Victor Moses,Midfielder,Nigeria
Steve Mounie,Forward,Benin
Lys Mousset,Forward,France
Joy Mukena,Defender,England
Arijanet Muric,Goalkeeper,Kosovo
Josh Murphy,Midfielder,England
Glenn Murray,Forward,England
Ahmed Musa,Forward,Nigeria
Charly Musonda,Midfielder,Belgium
Shkodran Mustafi,Defender,Germany
Jordon Mutch,Midfielder,England
Yoshinori Muto,Forward,Japan
Alfred N'Diaye,Midfielder,Senegal
Naby Keita,Midfielder,Guinea
Nacho Monreal,Defender,Spain
Samir Nasri,Midfielder,France
Marc Navarro,Defender,Spain
Mikael Ndjoli,Forward,England
Didier Ndong,Midfielder,Gabon
Layton Ndukwu,Forward,England
Reiss Nelson,Forward,England
Vashon Neufville,Defender,England
Oumar Niasse,Forward,Senegal
Georges-Kévin Nkoudou,Forward,France
Lukas Nmecha,Forward,Germany
Mark Noble,Midfielder,England
HÃ¥vard Nordtveit,Defender,Norway
Magnus Norman,Goalkeeper,England
Mathias Normann,Midfielder,Norway
Will Norris,Goalkeeper,England
Oliver Norwood,Midfielder,Northern Ireland
Lewis O'Brien,Midfielder,England
Kieran O'Hara,Goalkeeper,Ireland
Stuart O'Keefe,Midfielder,England
Aiden O'Neill,Midfielder,Australia
Matt O'Riley,Midfielder,England
Tashan Oakley-Boothe,Midfielder,England
Michael Obafemi,Forward,Ireland
Pedro Obiang,Midfielder,Equatorial Guinea
Denis Odoi,Defender,Belgium
Nnamdi Ofoborh,Midfielder,Nigeria
Phil Ofosu-Ayeh,Defender,Ghana
Nathanael Ogbeta,Defender,England
Angelo Ogbonna,Defender,Italy
Stefano Okaka,Forward,Italy
Shinji Okazaki,Forward,Japan
Ola Aina,Defender,Nigeria
Prince Oniangué,Midfielder,Congo
Josh Onomah,Midfielder,England
Henry Onyekuru,Forward,Nigeria
Divock Origi,Forward,Belgium
Oriol Romeu,Midfielder,Spain
Jordi Osei-Tutu,Defender,England
David Ospina,Goalkeeper,Colombia
Leo Ostigard,Defender,Norway
Nicolás Otamendi,Defender,Argentina
Obbi Oularé,Forward,Belgium
Ovie Ejaria,Midfielder,England
Reece Oxford,Defender,England
Alex Oxlade-Chamberlain,Midfielder,England
Mesut Özil,Midfielder,Germany
Kasey Palmer,Midfielder,England
Erik Palmer-Brown,Defender,United States
Costel Pantilimon,Goalkeeper,Romania
Mario Pasalic,Midfielder,Croatia
Josh Pask,Defender,England
Callum Paterson,Forward,Scotland
Jack Payne,Midfielder,England
Pedro,Forward,Spain
Lee Peltier,Defender,England
Adalberto Peñaranda,Forward,Venezuela
Matthew Pennington,Defender,England
Pedro Pereira,Midfielder,Portugal
Roberto Pereyra,Midfielder,Argentina
Lucas Pérez,Forward,Spain
Nathaniel Phillips,Defender,England
Jordan Pickford,Goalkeeper,England
Jérémy Pied,Defender,France
Anthony Pilkington,Midfielder,Ireland
Julio Pleguezuelo,Defender,Spain
Paul Pogba,Midfielder,France
Nick Pope,Goalkeeper,England
Pote,Midfielder,Portugal
Ian Carlo Poveda-Ocampo,Forward,England
Alex Pritchard,Midfielder,England
Sebastian Prödl,Defender,Austria
Davy Pröpper,Midfielder,Netherlands
Marc Pugh,Midfielder,England
Christian Pulisic,Midfielder,United States
Jason Puncheon,Midfielder,England
Collin Quaner,Forward,Germany
Rafa Mir,Forward,Spain
Rafael Camacho,Midfielder,Portugal
Erdal Rakip,Midfielder,Sweden
Joe Ralls,Midfielder,England
Ramadan Sobhi,Midfielder,Egypt
Sandro Ramírez,Forward,Spain
Kayne Ramsay,Defender,England
Aaron Ramsdale,Goalkeeper,England
Aaron Ramsey,Midfielder,Wales
Connor Randall,Defender,England
Marcus Rashford,Forward,England
Tim Ream,Defender,United States
Nathan Redmond,Midfielder,England
Harrison Reed,Midfielder,England
Winston Reid,Defender,New Zealand
Jeff Reine-Adélaïde,Midfielder,France
Ricardo Pereira,Defender,Portugal
Declan Rice,Defender,England
Taylor Richards,Midfielder,England
Richarlison,Forward,Brazil
Diego Rico,Defender,Spain
Jairo Riedewald,Defender,Netherlands
Matt Ritchie,Midfielder,Scotland
Roberto Firmino,Forward,Brazil
Patrick Roberts,Midfielder,England
Andrew Robertson,Defender,Scotland
Joel Robles,Goalkeeper,Spain
Marek Rodák,Goalkeeper,Slovakia
Roderick Miranda,Defender,Portugal
Marcos Rojo,Defender,Argentina
Sergio Romero,Goalkeeper,Argentina
Connor Ronan,Midfielder,Ireland
Salomón Rondón,Forward,Venezuela
Danny Rose,Defender,England
Liam Rosenior,Defender,England
Aaron Rowe,Midfielder,England
Rúben Neves,Midfielder,Portugal
Rúben Vinagre,Defender,Portugal
John Ruddy,Goalkeeper,England
Antonio Rüdiger,Defender,Germany
Rui Fonte,Forward,Portugal
Rui Patrício,Goalkeeper,Portugal
Mat Ryan,Goalkeeper,Australia
Ryan Sessegnon,Midfielder,England
Abdelhamid Sabiri,Midfielder,Germany
Romain Saïss,Midfielder,Morocco
Henri Saivet,Midfielder,Senegal
Bukayo Saka,Forward,England
Mamadou Sakho,Defender,France
Bakary Sako,Midfielder,Mali
Emiliano Sala,Forward,Argentina
Martin Samuelsen,Midfielder,Norway
Robert Sánchez,Goalkeeper,Spain
Max Sanders,Midfielder,England
Philippe Sandler,Defender,Netherlands
Leroy Sané,Forward,Germany
Santi Cazorla,Midfielder,Spain
Sean Scannell,Midfielder,Ireland
Fabian SchÃ¤r,Defender,Switzerland
Ezequiel Schelotto,Defender,Italy
Christopher Schindler,Defender,Germany
Jeffrey Schlupp,Defender,Ghana
Kasper Schmeichel,Goalkeeper,Denmark
Morgan Schneiderlin,Midfielder,France
Ryan Schofield,Goalkeeper,England
André Schürrle,Midfielder,Germany
Kyle Scott,Midfielder,United States
Sean Longstaff,Midfielder,England
Matz Sels,Goalkeeper,Belgium
Ken Sema,Midfielder,Sweden
Jean Michael Seri,Midfielder,Cote D'Ivoire
Xherdan Shaqiri,Forward,Switzerland
Samuel Sharrock-Peplow,Midfielder,England
Luke Shaw,Defender,England
Jonjo Shelvey,Midfielder,England
Sheyi Ojo,Midfielder,England
Steve Sidwell,Midfielder,England
Jack Simpson,Defender,England
Jerome Sinclair,Forward,England
Moussa Sissoko,Midfielder,France
Jiri Skalak,Midfielder,Czech Republic
Oliver Skipp,Midfielder,England
Callum Slattery,Midfielder,England
Islam Slimani,Forward,Algeria
Chris Smalling,Defender,England
Brad Smith,Defender,Australia
Emile Smith Rowe,Midfielder,England
Alex Smithies,Goalkeeper,England
Robert Snodgrass,Midfielder,Scotland
Sokratis,Defender,Greece
Sol Bamba,Defender,Cote D'Ivoire
Dominic Solanke,Forward,England
Solly March,Midfielder,England
Son Heung-Min,Forward,South Korea
Pape Souaré,Defender,Senegal
Ã‡aglar Söyüncü,Defender,Turkey
Julian Speroni,Goalkeeper,Argentina
Junior Stanislas,Midfielder,England
Jon Gorenc Stankovic,Defender,Slovenia
Jason Steele,Goalkeeper,England
Maarten Stekelenburg,Goalkeeper,Netherlands
Dale Stephens,Midfielder,England
Dujon Sterling,Defender,England
Jamie Sterry,Defender,England
Steve Cook,Defender,England
Steven Sessegnon,Defender,England
Ben Stevenson,Midfielder,England
Carl Stewart,Midfielder,England
John Stones,Defender,England
Stuart Taylor,Goalkeeper,England
Daniel Sturridge,Forward,England
Denis Suárez,Midfielder,Spain
Andrew Surman,Midfielder,England
Sam Surridge,Forward,England
Markus Suttner,Defender,Austria
Alexander SÃ¸rloth,Forward,Norway
Dusan Tadic,Forward,Serbia
Japhet Tanganga,Defender,England
Shani Tarashaj,Forward,Switzerland
Matt Targett,Defender,England
James Tarkowski,Defender,England
Percy Tau,Forward,South Africa
Nikola Tavares,Defender,England
Taye Ashby-Hammond,Goalkeeper,England
Kyle Taylor,Midfielder,England
Tayo Edun,Midfielder,England
George Thomas,Forward,Wales
Jared Thompson,Goalkeeper,England
Jon Dagur Thorsteinsson,Midfielder,Iceland
Youri Tielemans,Midfielder,Belgium
James Tilley,Forward,England
Tom Dele-Bashiru,Midfielder,Nigeria
James Tomkins,Defender,England
Lee Tomlin,Forward,England
Fikayo Tomori,Defender,England
Toni Martínez,Forward,Spain
Lucas Torreira,Midfielder,Uruguay
Tosin Adarabioyo,Defender,England
Cenk Tosun,Forward,Turkey
Yaya Touré,Midfielder,Cote D'Ivoire
Richard Towell,Midfielder,Ireland
Andros Townsend,Midfielder,England
Shilow Tracey,Midfielder,England
Armand Traore,Defender,Senegal
Mark Travers,Goalkeeper,Ireland
Kieran Trippier,Defender,England
Nathan Trott,Goalkeeper,England
Axel Tuanzebe,Defender,England
Joe Tupper,Goalkeeper,England
Leonardo Ulloa,Forward,Argentina
Yan Valery,Defender,France
Patrick van Aanholt,Defender,Netherlands
Virgil van Dijk,Defender,Netherlands
Rajiv van La Parra,Forward,Netherlands
Jamie Vardy,Forward,England
Jan Vertonghen,Defender,Belgium
Jannik Vestergaard,Defender,Denmark
Luciano Vietto,Forward,Argentina
Nikola Vlasic,Midfielder,Croatia
Sam Vokes,Forward,Wales
Michel Vorm,Goalkeeper,Netherlands
Matej Vydra,Forward,Czech Republic
Theo Walcott,Forward,England
Kyle Walker,Defender,England
Kyle Walker-Peters,Defender,England
Anton Walkes,Defender,England
Jonathan Walters,Forward,Ireland
Aaron Wan-Bissaka,Defender,England
Victor Wanyama,Midfielder,Kenya
Stephen Ward,Defender,Ireland
James Ward-Prowse,Midfielder,England
Elliot Watt,Midfielder,Scotland
Kelland Watts,Midfielder,England
Danny Welbeck,Forward,England
Nahki Wells,Forward,Bermuda
Ashley Westwood,Midfielder,England
Ben White,Defender,England
Dean Whitehead,Midfielder,England
Alfie Whiteman,Goalkeeper,England
Ben Whitfield,Midfielder,England
Connor Wickham,Forward,England
Rhoys Wiggins,Defender,Wales
Georginio Wijnaldum,Midfielder,Netherlands
Yanic Wildschut,Forward,Netherlands
Wilfred Ndidi,Midfielder,Nigeria
Jonathan Williams,Midfielder,Wales
Willian,Forward,Brazil
Ben Wilmot,Defender,England
Jack Wilshere,Midfielder,England
Harry Wilson,Midfielder,Wales
Harry Winks,Midfielder,England
Chris Wood,Forward,New Zealand
Ben Woodburn,Midfielder,Wales
Cauley Woodrow,Forward,England
Sam Woods,Defender,England
Xande Silva,Forward,Portugal
Granit Xhaka,Midfielder,Switzerland
Andriy Yarmolenko,Forward,Ukraine
DeAndre Yedlin,Defender,United States
Maya Yoshida,Defender,Japan
Ashley Young,Defender,England
Pablo Zabaleta,Defender,Argentina
Wilfried Zaha,Forward,Cote D'Ivoire
André-Frank Zambo Anguissa,Midfielder,Cameroon
Zanka,Defender,Denmark
Davide Zappacosta,Defender,Italy
Mauro Zárate,Forward,Argentina
Marvin Zeegelaar,Defender,Netherlands
Oleksandr Zinchenko,Midfielder,Ukraine
Kenneth Zohore,Forward,Denmark
Nabili Zoubdi Touaizi,Forward,Spain
Kurt Zouma,Defender,France
Michal Zyro,Forward,Poland